MONTH,STATE,GENERATION
1,IL,16076958.0
1,IL,4043765.0
1,IL,11879.0
1,IL,1584784.0
1,IL,8801339.0
1,IL,24094.0
1,IL,22763.0
1,IL,3188.0
1,IL,13294.0
1,IL,34954.0
1,IL,1536899.0
1,IL,0.0
1,IL,234340.0
1,IL,140018.0
1,IL,46015.0
1,IL,24094.0
1,IL,24213.0
1,IL,0.0
1,IL,0.0
1,IL,39127.0
1,IL,1152.0
1,IL,0.0
1,IL,37488.0
1,IL,19.0
1,IL,143.0
1,IL,0.0
1,IL,324.0
1,IL,56418.0
1,IL,55793.0
1,IL,0.0
1,IL,625.0
1,IL,15487006.0
1,IL,3725875.0
1,IL,6559.0
1,IL,1380204.0
1,IL,8801339.0
1,IL,-1450.0
1,IL,2902.0
1,IL,13047.0
1,IL,22882.0
1,IL,1535649.0
1,IL,260067.0
1,IL,176720.0
1,IL,5320.0
1,IL,65283.0
1,IL,0.0
1,IL,267.0
1,IL,105.0
1,IL,11448.0
1,IL,926.0
1,IN,8955451.0
1,IN,5155493.0
1,IN,22906.0
1,IN,2771055.0
1,IN,227911.0
1,IN,43206.0
1,IN,10823.0
1,IN,23893.0
1,IN,38763.0
1,IN,661401.0
1,IN,0.0
1,IN,418526.0
1,IN,0.0
1,IN,143921.0
1,IN,227911.0
1,IN,41106.0
1,IN,184.0
1,IN,5405.0
1,IN,21510.0
1,IN,3180.0
1,IN,14347.0
1,IN,2100.0
1,IN,46.0
1,IN,120.0
1,IN,1718.0
1,IN,0.0
1,IN,710011.0
1,IN,441989.0
1,IN,268022.0
1,IN,0.0
1,IN,1992624.0
1,IN,0.0
1,IN,1316461.0
1,IN,0.0
1,IN,9956.0
1,IN,4806.0
1,IN,661401.0
1,IN,0.0
1,IN,5812780.0
1,IN,4710324.0
1,IN,22906.0
1,IN,1028304.0
1,IN,0.0
1,IN,10593.0
1,IN,13818.0
1,IN,26834.0
1,MI,10493566.0
1,MI,3629577.0
1,MI,-55334.0
1,MI,176452.0
1,MI,2579805.0
1,MI,3178377.0
1,MI,134476.0
1,MI,13150.0
1,MI,38544.0
1,MI,20647.0
1,MI,88205.0
1,MI,571192.0
1,MI,118475.0
1,MI,123760.0
1,MI,182.0
1,MI,1143.0
1,MI,52648.0
1,MI,1660.0
1,MI,10774.0
1,MI,112.0
1,MI,57241.0
1,MI,55327.0
1,MI,0.0
1,MI,46002.0
1,MI,5095.0
1,MI,10.0
1,MI,52.0
1,MI,4169.0
1,MI,0.0
1,MI,1213081.0
1,MI,31112.0
1,MI,1042117.0
1,MI,135131.0
1,MI,604.0
1,MI,0.0
1,MI,1193.0
1,MI,2924.0
1,MI,1793993.0
1,MI,7952.0
1,MI,704860.0
1,MI,607642.0
1,MI,5790.0
1,MI,0.0
1,MI,17360.0
1,MI,82731.0
1,MI,309348.0
1,MI,58310.0
1,MI,7307405.0
1,MI,3598284.0
1,MI,-55334.0
1,MI,167357.0
1,MI,734178.0
1,MI,2570735.0
1,MI,-655.0
1,MI,0.0
1,MI,27761.0
1,MI,3235.0
1,MI,261844.0
1,OH,10970553.0
1,OH,4001332.0
1,OH,31887.0
1,OH,4937802.0
1,OH,1575951.0
1,OH,63118.0
1,OH,894.0
1,OH,100825.0
1,OH,9107.0
1,OH,38333.0
1,OH,188518.0
1,OH,22787.0
1,OH,59260.0
1,OH,0.0
1,OH,24184.0
1,OH,4976.0
1,OH,945.0
1,OH,96.0
1,OH,67.0
1,OH,510.0
1,OH,7760.0
1,OH,20721.0
1,OH,17504.0
1,OH,0.0
1,OH,16161.0
1,OH,1.0
1,OH,342.0
1,OH,748.0
1,OH,252.0
1,OH,169993.0
1,OH,0.0
1,OH,16616.0
1,OH,58142.0
1,OH,93170.0
1,OH,2066.0
1,OH,9484509.0
1,OH,3469592.0
1,OH,10505.0
1,OH,4197117.0
1,OH,1575951.0
1,OH,0.0
1,OH,6238.0
1,OH,8272.0
1,OH,37076.0
1,OH,179760.0
1,OH,1239287.0
1,OH,531740.0
1,OH,21382.0
1,OH,683724.0
1,OH,-51.0
1,OH,1320.0
1,OH,426.0
1,OH,0.0
1,OH,746.0
1,WI,5875403.0
1,WI,2527842.0
1,WI,289724.0
1,WI,1920345.0
1,WI,894739.0
1,WI,2018.0
1,WI,11002.0
1,WI,11254.0
1,WI,41805.0
1,WI,116804.0
1,WI,59870.0
1,WI,131578.0
1,WI,17081.0
1,WI,12808.0
1,WI,74232.0
1,WI,214.0
1,WI,119.0
1,WI,2093.0
1,WI,617.0
1,WI,24414.0
1,WI,11957.0
1,WI,0.0
1,WI,4716.0
1,WI,17.0
1,WI,182.0
1,WI,5369.0
1,WI,1673.0
1,WI,0.0
1,WI,98006.0
1,WI,90938.0
1,WI,51.0
1,WI,7016.0
1,WI,986056.0
1,WI,16950.0
1,WI,39.0
1,WI,894739.0
1,WI,10.0
1,WI,3846.0
1,WI,26397.0
1,WI,44075.0
1,WI,4647805.0
1,WI,2510760.0
1,WI,259965.0
1,WI,1750420.0
1,WI,1804.0
1,WI,10805.0
1,WI,7225.0
1,WI,931.0
1,WI,70439.0
1,WI,35456.0
2,IL,14948150.0
2,IL,4122765.0
2,IL,9078.0
2,IL,1355035.0
2,IL,7734833.0
2,IL,12900.0
2,IL,15819.0
2,IL,8738.0
2,IL,15647.0
2,IL,30453.0
2,IL,1642882.0
2,IL,0.0
2,IL,192338.0
2,IL,122367.0
2,IL,39579.0
2,IL,12900.0
2,IL,17492.0
2,IL,0.0
2,IL,0.0
2,IL,34675.0
2,IL,1838.0
2,IL,0.0
2,IL,32358.0
2,IL,2.0
2,IL,115.0
2,IL,0.0
2,IL,362.0
2,IL,48879.0
2,IL,48310.0
2,IL,0.0
2,IL,570.0
2,IL,14420851.0
2,IL,3813817.0
2,IL,5699.0
2,IL,1187491.0
2,IL,7734833.0
2,IL,-1673.0
2,IL,4051.0
2,IL,15433.0
2,IL,19788.0
2,IL,1641413.0
2,IL,251407.0
2,IL,184744.0
2,IL,3380.0
2,IL,47297.0
2,IL,0.0
2,IL,4684.0
2,IL,99.0
2,IL,10096.0
2,IL,1107.0
2,IN,9689686.0
2,IN,6195079.0
2,IN,20177.0
2,IN,2417418.0
2,IN,213761.0
2,IN,35235.0
2,IN,25513.0
2,IN,25140.0
2,IN,34610.0
2,IN,722752.0
2,IN,0.0
2,IN,383953.0
2,IN,0.0
2,IN,131988.0
2,IN,213761.0
2,IN,33552.0
2,IN,68.0
2,IN,4584.0
2,IN,19860.0
2,IN,3565.0
2,IN,13074.0
2,IN,1683.0
2,IN,55.0
2,IN,107.0
2,IN,1377.0
2,IN,0.0
2,IN,607770.0
2,IN,396666.0
2,IN,210819.0
2,IN,285.0
2,IN,1872477.0
2,IN,0.0
2,IN,1130820.0
2,IN,3311.0
2,IN,10952.0
2,IN,4642.0
2,IN,722752.0
2,IN,0.0
2,IN,6805625.0
2,IN,5794848.0
2,IN,20177.0
2,IN,930717.0
2,IN,0.0
2,IN,21794.0
2,IN,14082.0
2,IN,24007.0
2,MI,10149998.0
2,MI,3200449.0
2,MI,-52425.0
2,MI,142580.0
2,MI,2881563.0
2,MI,2867770.0
2,MI,100764.0
2,MI,12149.0
2,MI,116597.0
2,MI,26152.0
2,MI,78187.0
2,MI,669720.0
2,MI,106492.0
2,MI,109323.0
2,MI,1406.0
2,MI,923.0
2,MI,48091.0
2,MI,1772.0
2,MI,8592.0
2,MI,67.0
2,MI,48472.0
2,MI,58110.0
2,MI,0.0
2,MI,49657.0
2,MI,4631.0
2,MI,6.0
2,MI,26.0
2,MI,3789.0
2,MI,0.0
2,MI,1089955.0
2,MI,28645.0
2,MI,963123.0
2,MI,95571.0
2,MI,569.0
2,MI,0.0
2,MI,965.0
2,MI,1082.0
2,MI,1751434.0
2,MI,6504.0
2,MI,695332.0
2,MI,548387.0
2,MI,5178.0
2,MI,0.0
2,MI,21970.0
2,MI,73366.0
2,MI,343759.0
2,MI,56939.0
2,MI,7141176.0
2,MI,3170398.0
2,MI,-52425.0
2,MI,135153.0
2,MI,1125360.0
2,MI,2319383.0
2,MI,5193.0
2,MI,0.0
2,MI,107999.0
2,MI,4155.0
2,MI,325961.0
2,OH,10270243.0
2,OH,4209442.0
2,OH,27712.0
2,OH,4224640.0
2,OH,1348838.0
2,OH,67418.0
2,OH,1248.0
2,OH,93662.0
2,OH,24408.0
2,OH,31376.0
2,OH,221267.0
2,OH,20231.0
2,OH,63457.0
2,OH,0.0
2,OH,24693.0
2,OH,9652.0
2,OH,1292.0
2,OH,87.0
2,OH,93.0
2,OH,403.0
2,OH,8229.0
2,OH,19006.0
2,OH,19052.0
2,OH,0.0
2,OH,17526.0
2,OH,145.0
2,OH,350.0
2,OH,672.0
2,OH,359.0
2,OH,145096.0
2,OH,0.0
2,OH,14735.0
2,OH,57766.0
2,OH,71370.0
2,OH,1225.0
2,OH,8908613.0
2,OH,3711449.0
2,OH,9241.0
2,OH,3559258.0
2,OH,1348838.0
2,OH,0.0
2,OH,14438.0
2,OH,23602.0
2,OH,30301.0
2,OH,211487.0
2,OH,1134025.0
2,OH,497993.0
2,OH,18471.0
2,OH,608427.0
2,OH,-44.0
2,OH,7622.0
2,OH,364.0
2,OH,0.0
2,OH,1192.0
2,WI,5605711.0
2,WI,2818652.0
2,WI,234017.0
2,WI,1461630.0
2,WI,802967.0
2,WI,1866.0
2,WI,25472.0
2,WI,21753.0
2,WI,35857.0
2,WI,145762.0
2,WI,57735.0
2,WI,120086.0
2,WI,18771.0
2,WI,10770.0
2,WI,66876.0
2,WI,152.0
2,WI,76.0
2,WI,1750.0
2,WI,694.0
2,WI,20997.0
2,WI,9203.0
2,WI,0.0
2,WI,2724.0
2,WI,491.0
2,WI,121.0
2,WI,3877.0
2,WI,1990.0
2,WI,0.0
2,WI,32583.0
2,WI,26697.0
2,WI,25.0
2,WI,5861.0
2,WI,903349.0
2,WI,13541.0
2,WI,4399.0
2,WI,802967.0
2,WI,6983.0
2,WI,4283.0
2,WI,23447.0
2,WI,47729.0
2,WI,4540492.0
2,WI,2799881.0
2,WI,209707.0
2,WI,1360934.0
2,WI,1714.0
2,WI,17898.0
2,WI,17349.0
2,WI,922.0
2,WI,95349.0
2,WI,36738.0
3,IL,13382765.0
3,IL,2233143.0
3,IL,11659.0
3,IL,1427381.0
3,IL,7491222.0
3,IL,24686.0
3,IL,22009.0
3,IL,1906.0
3,IL,23689.0
3,IL,33833.0
3,IL,2113238.0
3,IL,0.0
3,IL,236751.0
3,IL,145313.0
3,IL,42900.0
3,IL,24686.0
3,IL,23853.0
3,IL,0.0
3,IL,0.0
3,IL,32189.0
3,IL,909.0
3,IL,134.0
3,IL,30484.0
3,IL,2.0
3,IL,214.0
3,IL,0.0
3,IL,445.0
3,IL,51994.0
3,IL,51337.0
3,IL,0.0
3,IL,657.0
3,IL,12855218.0
3,IL,1979866.0
3,IL,6925.0
3,IL,1220950.0
3,IL,7491222.0
3,IL,-1844.0
3,IL,1415.0
3,IL,23279.0
3,IL,22128.0
3,IL,2111278.0
3,IL,206613.0
3,IL,107055.0
3,IL,4600.0
3,IL,81711.0
3,IL,0.0
3,IL,489.0
3,IL,196.0
3,IL,11048.0
3,IL,1515.0
3,IN,6942999.0
3,IN,3502351.0
3,IN,27438.0
3,IN,2139236.0
3,IN,245980.0
3,IN,41721.0
3,IN,7112.0
3,IN,44674.0
3,IN,39545.0
3,IN,894942.0
3,IN,0.0
3,IN,441922.0
3,IN,0.0
3,IN,150424.0
3,IN,245980.0
3,IN,39771.0
3,IN,46.0
3,IN,5701.0
3,IN,17989.0
3,IN,3051.0
3,IN,11109.0
3,IN,1950.0
3,IN,100.0
3,IN,183.0
3,IN,1596.0
3,IN,0.0
3,IN,617768.0
3,IN,419444.0
3,IN,198324.0
3,IN,0.0
3,IN,1931476.0
3,IN,0.0
3,IN,1012451.0
3,IN,0.0
3,IN,18686.0
3,IN,5396.0
3,IN,894942.0
3,IN,0.0
3,IN,3933845.0
3,IN,3079856.0
3,IN,27438.0
3,IN,766928.0
3,IN,0.0
3,IN,6965.0
3,IN,25805.0
3,IN,26852.0
3,MI,9505376.0
3,MI,3094451.0
3,MI,-48013.0
3,MI,103235.0
3,MI,1833353.0
3,MI,3144966.0
3,MI,93080.0
3,MI,12388.0
3,MI,91267.0
3,MI,41775.0
3,MI,85134.0
3,MI,939073.0
3,MI,114666.0
3,MI,117832.0
3,MI,181.0
3,MI,881.0
3,MI,46946.0
3,MI,1725.0
3,MI,14264.0
3,MI,47.0
3,MI,53788.0
3,MI,57353.0
3,MI,0.0
3,MI,49318.0
3,MI,4378.0
3,MI,2.0
3,MI,73.0
3,MI,3582.0
3,MI,0.0
3,MI,664731.0
3,MI,21805.0
3,MI,554745.0
3,MI,84461.0
3,MI,474.0
3,MI,0.0
3,MI,985.0
3,MI,2260.0
3,MI,1881497.0
3,MI,5277.0
3,MI,632145.0
3,MI,607009.0
3,MI,5811.0
3,MI,0.0
3,MI,32962.0
3,MI,80520.0
3,MI,459155.0
3,MI,58618.0
3,MI,6783963.0
3,MI,3072466.0
3,MI,-48013.0
3,MI,97077.0
3,MI,550198.0
3,MI,2537957.0
3,MI,8619.0
3,MI,0.0
3,MI,77000.0
3,MI,8740.0
3,MI,479918.0
3,OH,10088727.0
3,OH,4253724.0
3,OH,36389.0
3,OH,4425364.0
3,OH,814179.0
3,OH,73849.0
3,OH,987.0
3,OH,98093.0
3,OH,46851.0
3,OH,36101.0
3,OH,283648.0
3,OH,19543.0
3,OH,64908.0
3,OH,0.0
3,OH,23389.0
3,OH,11337.0
3,OH,1038.0
3,OH,418.0
3,OH,248.0
3,OH,366.0
3,OH,10377.0
3,OH,17735.0
3,OH,19457.0
3,OH,0.0
3,OH,17792.0
3,OH,6.0
3,OH,519.0
3,OH,700.0
3,OH,441.0
3,OH,170653.0
3,OH,0.0
3,OH,15557.0
3,OH,62512.0
3,OH,90776.0
3,OH,1807.0
3,OH,8654399.0
3,OH,3766345.0
3,OH,12523.0
3,OH,3703714.0
3,OH,814179.0
3,OH,0.0
3,OH,5552.0
3,OH,45440.0
3,OH,35035.0
3,OH,271612.0
3,OH,1179310.0
3,OH,487379.0
3,OH,23866.0
3,OH,664911.0
3,OH,-51.0
3,OH,1341.0
3,OH,645.0
3,OH,0.0
3,OH,1219.0
3,WI,5384496.0
3,WI,2379998.0
3,WI,167738.0
3,WI,1604592.0
3,WI,892180.0
3,WI,2249.0
3,WI,7206.0
3,WI,27531.0
3,WI,39115.0
3,WI,206821.0
3,WI,57067.0
3,WI,123153.0
3,WI,18049.0
3,WI,10487.0
3,WI,66876.0
3,WI,221.0
3,WI,93.0
3,WI,1813.0
3,WI,933.0
3,WI,24682.0
3,WI,12799.0
3,WI,0.0
3,WI,6971.0
3,WI,27.0
3,WI,266.0
3,WI,3172.0
3,WI,2364.0
3,WI,0.0
3,WI,87830.0
3,WI,80307.0
3,WI,647.0
3,WI,6875.0
3,WI,1007144.0
3,WI,8417.0
3,WI,7954.0
3,WI,892180.0
3,WI,-33.0
3,WI,7130.0
3,WI,26172.0
3,WI,65323.0
3,WI,4153571.0
3,WI,2361949.0
3,WI,148834.0
3,WI,1442484.0
3,WI,2028.0
3,WI,6472.0
3,WI,20135.0
3,WI,1083.0
3,WI,138201.0
3,WI,32385.0
4,IL,13213966.0
4,IL,2807311.0
4,IL,11341.0
4,IL,1156117.0
4,IL,7369879.0
4,IL,14357.0
4,IL,21453.0
4,IL,3241.0
4,IL,28356.0
4,IL,31835.0
4,IL,1770076.0
4,IL,0.0
4,IL,199428.0
4,IL,120595.0
4,IL,41178.0
4,IL,14357.0
4,IL,23298.0
4,IL,0.0
4,IL,0.0
4,IL,30742.0
4,IL,1062.0
4,IL,51.0
4,IL,28987.0
4,IL,3.0
4,IL,255.0
4,IL,0.0
4,IL,384.0
4,IL,53046.0
4,IL,52385.0
4,IL,0.0
4,IL,661.0
4,IL,12773730.0
4,IL,2597587.0
4,IL,5454.0
4,IL,982339.0
4,IL,7369879.0
4,IL,-1845.0
4,IL,2628.0
4,IL,27889.0
4,IL,21252.0
4,IL,1768547.0
4,IL,157019.0
4,IL,88066.0
4,IL,5836.0
4,IL,51228.0
4,IL,0.0
4,IL,609.0
4,IL,212.0
4,IL,9922.0
4,IL,1145.0
4,IN,6260578.0
4,IN,3247564.0
4,IN,22568.0
4,IN,1940661.0
4,IN,176060.0
4,IN,38551.0
4,IN,10989.0
4,IN,63240.0
4,IN,37679.0
4,IN,723267.0
4,IN,0.0
4,IN,367754.0
4,IN,0.0
4,IN,149809.0
4,IN,176060.0
4,IN,36689.0
4,IN,75.0
4,IN,5122.0
4,IN,20838.0
4,IN,4103.0
4,IN,13035.0
4,IN,1862.0
4,IN,98.0
4,IN,216.0
4,IN,1524.0
4,IN,0.0
4,IN,577764.0
4,IN,311280.0
4,IN,266484.0
4,IN,0.0
4,IN,1653041.0
4,IN,0.0
4,IN,904291.0
4,IN,0.0
4,IN,20232.0
4,IN,5251.0
4,IN,723267.0
4,IN,0.0
4,IN,3641182.0
4,IN,2932181.0
4,IN,22568.0
4,IN,607042.0
4,IN,0.0
4,IN,10816.0
4,IN,42793.0
4,IN,25782.0
4,MI,8005531.0
4,MI,1830431.0
4,MI,-30860.0
4,MI,96453.0
4,MI,2420281.0
4,MI,2626384.0
4,MI,100947.0
4,MI,12079.0
4,MI,54434.0
4,MI,44329.0
4,MI,81454.0
4,MI,682443.0
4,MI,87157.0
4,MI,106991.0
4,MI,0.0
4,MI,796.0
4,MI,49661.0
4,MI,1318.0
4,MI,10730.0
4,MI,71.0
4,MI,44415.0
4,MI,56899.0
4,MI,0.0
4,MI,48840.0
4,MI,4378.0
4,MI,9.0
4,MI,90.0
4,MI,3582.0
4,MI,0.0
4,MI,1154282.0
4,MI,28500.0
4,MI,1019672.0
4,MI,101332.0
4,MI,696.0
4,MI,0.0
4,MI,859.0
4,MI,3222.0
4,MI,1622993.0
4,MI,4946.0
4,MI,524255.0
4,MI,585761.0
4,MI,5687.0
4,MI,0.0
4,MI,35285.0
4,MI,76941.0
4,MI,350599.0
4,MI,39519.0
4,MI,5064366.0
4,MI,1801931.0
4,MI,-30860.0
4,MI,90711.0
4,MI,777853.0
4,MI,2040623.0
4,MI,-385.0
4,MI,0.0
4,MI,43696.0
4,MI,8954.0
4,MI,331844.0
4,OH,8148727.0
4,OH,2751987.0
4,OH,30658.0
4,OH,3619335.0
4,OH,1299083.0
4,OH,50783.0
4,OH,1106.0
4,OH,69538.0
4,OH,49044.0
4,OH,34790.0
4,OH,221490.0
4,OH,20912.0
4,OH,60896.0
4,OH,0.0
4,OH,19534.0
4,OH,11374.0
4,OH,1153.0
4,OH,63.0
4,OH,216.0
4,OH,315.0
4,OH,9078.0
4,OH,19162.0
4,OH,17292.0
4,OH,0.0
4,OH,15663.0
4,OH,1.0
4,OH,602.0
4,OH,695.0
4,OH,331.0
4,OH,117934.0
4,OH,0.0
4,OH,15937.0
4,OH,39409.0
4,OH,60838.0
4,OH,1750.0
4,OH,7199756.0
4,OH,2360064.0
4,OH,10324.0
4,OH,3230678.0
4,OH,1299083.0
4,OH,0.0
4,OH,7214.0
4,OH,47461.0
4,OH,33780.0
4,OH,211151.0
4,OH,752849.0
4,OH,391924.0
4,OH,20333.0
4,OH,337524.0
4,OH,-47.0
4,OH,1421.0
4,OH,765.0
4,OH,0.0
4,OH,929.0
4,WI,4873008.0
4,WI,1766153.0
4,WI,158964.0
4,WI,1835526.0
4,WI,852662.0
4,WI,2221.0
4,WI,1865.0
4,WI,30178.0
4,WI,37355.0
4,WI,146994.0
4,WI,41091.0
4,WI,122130.0
4,WI,15516.0
4,WI,9804.0
4,WI,73113.0
4,WI,217.0
4,WI,98.0
4,WI,1989.0
4,WI,537.0
4,WI,20856.0
4,WI,10882.0
4,WI,0.0
4,WI,6585.0
4,WI,23.0
4,WI,320.0
4,WI,1959.0
4,WI,1996.0
4,WI,0.0
4,WI,76839.0
4,WI,70713.0
4,WI,0.0
4,WI,6126.0
4,WI,957926.0
4,WI,8477.0
4,WI,9098.0
4,WI,852662.0
4,WI,-22.0
4,WI,7829.0
4,WI,26171.0
4,WI,53712.0
4,WI,3705231.0
4,WI,1750637.0
4,WI,140683.0
4,WI,1676017.0
4,WI,2005.0
4,WI,1766.0
4,WI,22030.0
4,WI,1110.0
4,WI,90749.0
4,WI,20235.0
5,IL,14946614.0
5,IL,3732851.0
5,IL,10917.0
5,IL,986251.0
5,IL,8562506.0
5,IL,8663.0
5,IL,21774.0
5,IL,2639.0
5,IL,34155.0
5,IL,33932.0
5,IL,1552925.0
5,IL,0.0
5,IL,213775.0
5,IL,140931.0
5,IL,40644.0
5,IL,8663.0
5,IL,23538.0
5,IL,0.0
5,IL,0.0
5,IL,35402.0
5,IL,1100.0
5,IL,34.0
5,IL,33640.0
5,IL,35.0
5,IL,264.0
5,IL,0.0
5,IL,329.0
5,IL,54635.0
5,IL,53953.0
5,IL,0.0
5,IL,682.0
5,IL,14429540.0
5,IL,3401181.0
5,IL,6337.0
5,IL,851638.0
5,IL,8562506.0
5,IL,-1764.0
5,IL,2294.0
5,IL,33686.0
5,IL,22078.0
5,IL,1551584.0
5,IL,213263.0
5,IL,189639.0
5,IL,4546.0
5,IL,6376.0
5,IL,0.0
5,IL,310.0
5,IL,205.0
5,IL,11173.0
5,IL,1012.0
5,IN,6954828.0
5,IN,4142258.0
5,IN,20848.0
5,IN,1869508.0
5,IN,167179.0
5,IN,49136.0
5,IN,8623.0
5,IN,70562.0
5,IN,38793.0
5,IN,587922.0
5,IN,0.0
5,IN,329413.0
5,IN,0.0
5,IN,110772.0
5,IN,167179.0
5,IN,46301.0
5,IN,58.0
5,IN,5102.0
5,IN,22606.0
5,IN,3314.0
5,IN,14535.0
5,IN,2835.0
5,IN,97.0
5,IN,228.0
5,IN,1596.0
5,IN,0.0
5,IN,672084.0
5,IN,393179.0
5,IN,278906.0
5,IN,0.0
5,IN,1501224.0
5,IN,0.0
5,IN,885267.0
5,IN,0.0
5,IN,22726.0
5,IN,5308.0
5,IN,587922.0
5,IN,0.0
5,IN,4429502.0
5,IN,3745765.0
5,IN,20848.0
5,IN,580028.0
5,IN,0.0
5,IN,8467.0
5,IN,47608.0
5,IN,26786.0
5,MI,7680195.0
5,MI,2706929.0
5,MI,1483.0
5,MI,138523.0
5,MI,1567721.0
5,MI,2270756.0
5,MI,123921.0
5,MI,12151.0
5,MI,58699.0
5,MI,51191.0
5,MI,84583.0
5,MI,559217.0
5,MI,105023.0
5,MI,101923.0
5,MI,171.0
5,MI,719.0
5,MI,39792.0
5,MI,859.0
5,MI,13249.0
5,MI,142.0
5,MI,46991.0
5,MI,52690.0
5,MI,0.0
5,MI,40416.0
5,MI,5495.0
5,MI,2197.0
5,MI,85.0
5,MI,4496.0
5,MI,0.0
5,MI,498419.0
5,MI,20157.0
5,MI,350768.0
5,MI,124206.0
5,MI,549.0
5,MI,0.0
5,MI,934.0
5,MI,1806.0
5,MI,1572499.0
5,MI,5947.0
5,MI,497045.0
5,MI,600744.0
5,MI,5247.0
5,MI,0.0
5,MI,41079.0
5,MI,79011.0
5,MI,287200.0
5,MI,56226.0
5,MI,5454665.0
5,MI,2686601.0
5,MI,1483.0
5,MI,131857.0
5,MI,639701.0
5,MI,1670012.0
5,MI,-285.0
5,MI,0.0
5,MI,43253.0
5,MI,10026.0
5,MI,272017.0
5,OH,8505274.0
5,OH,2229432.0
5,OH,28916.0
5,OH,4196831.0
5,OH,1612682.0
5,OH,43451.0
5,OH,558.0
5,OH,87752.0
5,OH,56452.0
5,OH,35886.0
5,OH,193692.0
5,OH,19622.0
5,OH,61245.0
5,OH,0.0
5,OH,23191.0
5,OH,10805.0
5,OH,597.0
5,OH,373.0
5,OH,246.0
5,OH,361.0
5,OH,7830.0
5,OH,17843.0
5,OH,21516.0
5,OH,0.0
5,OH,19942.0
5,OH,2.0
5,OH,664.0
5,OH,697.0
5,OH,211.0
5,OH,119201.0
5,OH,0.0
5,OH,16195.0
5,OH,32645.0
5,OH,68581.0
5,OH,1779.0
5,OH,7278040.0
5,OH,1855369.0
5,OH,9557.0
5,OH,3508040.0
5,OH,1612682.0
5,OH,0.0
5,OH,17926.0
5,OH,54743.0
5,OH,34829.0
5,OH,184896.0
5,OH,1025272.0
5,OH,374063.0
5,OH,19359.0
5,OH,629463.0
5,OH,-39.0
5,OH,870.0
5,OH,800.0
5,OH,0.0
5,OH,756.0
5,WI,5103977.0
5,WI,2240392.0
5,WI,228108.0
5,WI,1470236.0
5,WI,898669.0
5,WI,1974.0
5,WI,3645.0
5,WI,39525.0
5,WI,38484.0
5,WI,135794.0
5,WI,47150.0
5,WI,107051.0
5,WI,13579.0
5,WI,10927.0
5,WI,60028.0
5,WI,112.0
5,WI,460.0
5,WI,1715.0
5,WI,540.0
5,WI,19690.0
5,WI,11105.0
5,WI,0.0
5,WI,5692.0
5,WI,20.0
5,WI,319.0
5,WI,3376.0
5,WI,1699.0
5,WI,0.0
5,WI,63715.0
5,WI,57461.0
5,WI,0.0
5,WI,6254.0
5,WI,1019493.0
5,WI,12921.0
5,WI,25491.0
5,WI,898669.0
5,WI,9.0
5,WI,8573.0
5,WI,26018.0
5,WI,47812.0
5,WI,3902614.0
5,WI,2226813.0
5,WI,204260.0
5,WI,1321564.0
5,WI,1863.0
5,WI,3156.0
5,WI,30633.0
5,WI,1122.0
5,WI,85743.0
5,WI,27460.0
6,IL,15858483.0
6,IL,4222951.0
6,IL,10975.0
6,IL,2010496.0
6,IL,8349021.0
6,IL,25119.0
6,IL,21398.0
6,IL,2796.0
6,IL,36189.0
6,IL,33719.0
6,IL,1145818.0
6,IL,0.0
6,IL,229626.0
6,IL,136008.0
6,IL,45778.0
6,IL,25119.0
6,IL,22721.0
6,IL,0.0
6,IL,0.0
6,IL,47264.0
6,IL,1209.0
6,IL,102.0
6,IL,45381.0
6,IL,77.0
6,IL,219.0
6,IL,0.0
6,IL,276.0
6,IL,58487.0
6,IL,58111.0
6,IL,0.0
6,IL,376.0
6,IL,15031183.0
6,IL,3874721.0
6,IL,6495.0
6,IL,1598049.0
6,IL,8349021.0
6,IL,-1323.0
6,IL,2166.0
6,IL,35747.0
6,IL,21524.0
6,IL,1144783.0
6,IL,491922.0
6,IL,211014.0
6,IL,4378.0
6,IL,263176.0
6,IL,0.0
6,IL,554.0
6,IL,223.0
6,IL,11819.0
6,IL,759.0
6,IN,8713097.0
6,IN,5510261.0
6,IN,20329.0
6,IN,2272729.0
6,IN,173825.0
6,IN,42097.0
6,IN,12089.0
6,IN,68544.0
6,IN,36940.0
6,IN,576283.0
6,IN,0.0
6,IN,389233.0
6,IN,0.0
6,IN,170701.0
6,IN,173825.0
6,IN,40013.0
6,IN,38.0
6,IN,4656.0
6,IN,16891.0
6,IN,1484.0
6,IN,11929.0
6,IN,2084.0
6,IN,68.0
6,IN,196.0
6,IN,1129.0
6,IN,0.0
6,IN,663163.0
6,IN,378003.0
6,IN,285160.0
6,IN,0.0
6,IN,1576337.0
6,IN,0.0
6,IN,974073.0
6,IN,0.0
6,IN,20937.0
6,IN,5044.0
6,IN,576283.0
6,IN,0.0
6,IN,6067474.0
6,IN,5130774.0
6,IN,20329.0
6,IN,830866.0
6,IN,0.0
6,IN,11983.0
6,IN,47411.0
6,IN,26110.0
6,MI,10027019.0
6,MI,3154748.0
6,MI,-27464.0
6,MI,158201.0
6,MI,2941858.0
6,MI,2749039.0
6,MI,124323.0
6,MI,11494.0
6,MI,109667.0
6,MI,49111.0
6,MI,79985.0
6,MI,569412.0
6,MI,106646.0
6,MI,105934.0
6,MI,0.0
6,MI,787.0
6,MI,45967.0
6,MI,294.0
6,MI,14998.0
6,MI,71.0
6,MI,43816.0
6,MI,50821.0
6,MI,0.0
6,MI,41648.0
6,MI,5009.0
6,MI,5.0
6,MI,61.0
6,MI,4098.0
6,MI,0.0
6,MI,1090526.0
6,MI,26449.0
6,MI,936499.0
6,MI,124598.0
6,MI,689.0
6,MI,0.0
6,MI,683.0
6,MI,1607.0
6,MI,1675629.0
6,MI,6610.0
6,MI,652084.0
6,MI,572711.0
6,MI,5502.0
6,MI,0.0
6,MI,39708.0
6,MI,75132.0
6,MI,262660.0
6,MI,61222.0
6,MI,7104110.0
6,MI,3128298.0
6,MI,-27464.0
6,MI,150804.0
6,MI,1265660.0
6,MI,2176328.0
6,MI,-275.0
6,MI,0.0
6,MI,94664.0
6,MI,9342.0
6,MI,306753.0
6,OH,10077657.0
6,OH,4034461.0
6,OH,28067.0
6,OH,4074243.0
6,OH,1536886.0
6,OH,47881.0
6,OH,329.0
6,OH,48201.0
6,OH,53111.0
6,OH,33365.0
6,OH,201785.0
6,OH,19327.0
6,OH,57219.0
6,OH,0.0
6,OH,21391.0
6,OH,10824.0
6,OH,379.0
6,OH,21.0
6,OH,244.0
6,OH,254.0
6,OH,6412.0
6,OH,17694.0
6,OH,25021.0
6,OH,0.0
6,OH,23532.0
6,OH,3.0
6,OH,614.0
6,OH,672.0
6,OH,199.0
6,OH,84341.0
6,OH,0.0
6,OH,15860.0
6,OH,37057.0
6,OH,29791.0
6,OH,1633.0
6,OH,8788372.0
6,OH,3591740.0
6,OH,9315.0
6,OH,3356241.0
6,OH,1536886.0
6,OH,0.0
6,OH,15775.0
6,OH,51576.0
6,OH,32440.0
6,OH,194399.0
6,OH,1122705.0
6,OH,442721.0
6,OH,18752.0
6,OH,657219.0
6,OH,-50.0
6,OH,2610.0
6,OH,678.0
6,OH,0.0
6,OH,775.0
6,WI,6154105.0
6,WI,2576701.0
6,WI,257519.0
6,WI,2194729.0
6,WI,865696.0
6,WI,2128.0
6,WI,12909.0
6,WI,42725.0
6,WI,37213.0
6,WI,102887.0
6,WI,61598.0
6,WI,117616.0
6,WI,14535.0
6,WI,10611.0
6,WI,64994.0
6,WI,187.0
6,WI,384.0
6,WI,1525.0
6,WI,321.0
6,WI,25058.0
6,WI,10074.0
6,WI,0.0
6,WI,4488.0
6,WI,24.0
6,WI,248.0
6,WI,3842.0
6,WI,1472.0
6,WI,0.0
6,WI,95983.0
6,WI,90602.0
6,WI,0.0
6,WI,5381.0
6,WI,1071637.0
6,WI,15121.0
6,WI,121564.0
6,WI,865696.0
6,WI,33.0
6,WI,8768.0
6,WI,25343.0
6,WI,35111.0
6,WI,4858795.0
6,WI,2562166.0
6,WI,231786.0
6,WI,1913081.0
6,WI,1941.0
6,WI,12467.0
6,WI,33709.0
6,WI,1122.0
6,WI,65983.0
6,WI,36540.0
7,IL,16763648.0
7,IL,4784591.0
7,IL,10661.0
7,IL,2371562.0
7,IL,8644840.0
7,IL,25275.0
7,IL,21814.0
7,IL,4214.0
7,IL,59978.0
7,IL,33435.0
7,IL,807277.0
7,IL,0.0
7,IL,224031.0
7,IL,127118.0
7,IL,48944.0
7,IL,25275.0
7,IL,22694.0
7,IL,0.0
7,IL,0.0
7,IL,47728.0
7,IL,1399.0
7,IL,169.0
7,IL,45617.0
7,IL,74.0
7,IL,248.0
7,IL,0.0
7,IL,220.0
7,IL,61554.0
7,IL,61554.0
7,IL,0.0
7,IL,0.0
7,IL,15917997.0
7,IL,4489191.0
7,IL,6933.0
7,IL,1886869.0
7,IL,8644840.0
7,IL,-880.0
7,IL,3557.0
7,IL,59513.0
7,IL,21451.0
7,IL,806523.0
7,IL,512338.0
7,IL,166883.0
7,IL,3559.0
7,IL,328579.0
7,IL,0.0
7,IL,583.0
7,IL,217.0
7,IL,11984.0
7,IL,534.0
7,IN,9542500.0
7,IN,6319286.0
7,IN,21441.0
7,IN,2507717.0
7,IN,188321.0
7,IN,38324.0
7,IN,10516.0
7,IN,68493.0
7,IN,38236.0
7,IN,350167.0
7,IN,0.0
7,IN,423133.0
7,IN,0.0
7,IN,193344.0
7,IN,188321.0
7,IN,36234.0
7,IN,112.0
7,IN,5123.0
7,IN,21924.0
7,IN,0.0
7,IN,17886.0
7,IN,2090.0
7,IN,25.0
7,IN,212.0
7,IN,1710.0
7,IN,0.0
7,IN,678663.0
7,IN,388093.0
7,IN,290570.0
7,IN,0.0
7,IN,1480595.0
7,IN,0.0
7,IN,1104976.0
7,IN,0.0
7,IN,20069.0
7,IN,5383.0
7,IN,350167.0
7,IN,0.0
7,IN,6938185.0
7,IN,5931193.0
7,IN,21441.0
7,IN,900941.0
7,IN,0.0
7,IN,10379.0
7,IN,48212.0
7,IN,26019.0
7,MI,10404737.0
7,MI,3764774.0
7,MI,-109316.0
7,MI,128489.0
7,MI,3198079.0
7,MI,2519218.0
7,MI,111796.0
7,MI,11568.0
7,MI,89586.0
7,MI,49563.0
7,MI,80871.0
7,MI,441531.0
7,MI,118578.0
7,MI,108717.0
7,MI,0.0
7,MI,759.0
7,MI,46609.0
7,MI,40.0
7,MI,13691.0
7,MI,238.0
7,MI,47380.0
7,MI,56492.0
7,MI,0.0
7,MI,47125.0
7,MI,5078.0
7,MI,49.0
7,MI,83.0
7,MI,4155.0
7,MI,0.0
7,MI,1110343.0
7,MI,29081.0
7,MI,963389.0
7,MI,112056.0
7,MI,819.0
7,MI,0.0
7,MI,785.0
7,MI,4214.0
7,MI,1637839.0
7,MI,5806.0
7,MI,700891.0
7,MI,553246.0
7,MI,5631.0
7,MI,0.0
7,MI,39953.0
7,MI,75693.0
7,MI,189634.0
7,MI,66984.0
7,MI,7491347.0
7,MI,3735693.0
7,MI,-109316.0
7,MI,121924.0
7,MI,1440065.0
7,MI,1965972.0
7,MI,-260.0
7,MI,0.0
7,MI,75846.0
7,MI,9527.0
7,MI,251896.0
7,OH,11850938.0
7,OH,5338582.0
7,OH,29650.0
7,OH,4583164.0
7,OH,1503090.0
7,OH,54252.0
7,OH,207.0
7,OH,77990.0
7,OH,94761.0
7,OH,33278.0
7,OH,116703.0
7,OH,19261.0
7,OH,53445.0
7,OH,0.0
7,OH,20763.0
7,OH,8801.0
7,OH,258.0
7,OH,161.0
7,OH,176.0
7,OH,290.0
7,OH,5140.0
7,OH,17856.0
7,OH,26202.0
7,OH,0.0
7,OH,24844.0
7,OH,1.0
7,OH,629.0
7,OH,612.0
7,OH,117.0
7,OH,133985.0
7,OH,0.0
7,OH,16261.0
7,OH,45451.0
7,OH,70868.0
7,OH,1405.0
7,OH,10339876.0
7,OH,4749845.0
7,OH,9827.0
7,OH,3835351.0
7,OH,1503090.0
7,OH,0.0
7,OH,5317.0
7,OH,93207.0
7,OH,32376.0
7,OH,110863.0
7,OH,1297430.0
7,OH,588737.0
7,OH,19824.0
7,OH,685946.0
7,OH,-51.0
7,OH,1643.0
7,OH,749.0
7,OH,0.0
7,OH,583.0
7,WI,6818142.0
7,WI,3091933.0
7,WI,209536.0
7,WI,2406333.0
7,WI,876100.0
7,WI,2187.0
7,WI,15371.0
7,WI,43728.0
7,WI,37181.0
7,WI,72190.0
7,WI,63583.0
7,WI,122198.0
7,WI,15697.0
7,WI,10048.0
7,WI,70635.0
7,WI,229.0
7,WI,48.0
7,WI,390.0
7,WI,340.0
7,WI,24811.0
7,WI,10830.0
7,WI,0.0
7,WI,5065.0
7,WI,25.0
7,WI,305.0
7,WI,4272.0
7,WI,1163.0
7,WI,0.0
7,WI,106800.0
7,WI,100815.0
7,WI,0.0
7,WI,5985.0
7,WI,1056786.0
7,WI,12167.0
7,WI,107922.0
7,WI,876100.0
7,WI,-21.0
7,WI,8472.0
7,WI,25452.0
7,WI,26694.0
7,WI,5521528.0
7,WI,3076236.0
7,WI,187321.0
7,WI,2121896.0
7,WI,1958.0
7,WI,15319.0
7,WI,34951.0
7,WI,1082.0
7,WI,43993.0
7,WI,38772.0
8,IL,17421598.0
8,IL,4695076.0
8,IL,11920.0
8,IL,3091729.0
8,IL,8589382.0
8,IL,19486.0
8,IL,22432.0
8,IL,3087.0
8,IL,60872.0
8,IL,32652.0
8,IL,894962.0
8,IL,0.0
8,IL,219415.0
8,IL,123559.0
8,IL,53207.0
8,IL,19486.0
8,IL,23163.0
8,IL,0.0
8,IL,0.0
8,IL,52453.0
8,IL,1265.0
8,IL,209.0
8,IL,50422.0
8,IL,95.0
8,IL,231.0
8,IL,0.0
8,IL,232.0
8,IL,65147.0
8,IL,65147.0
8,IL,0.0
8,IL,0.0
8,IL,16450332.0
8,IL,4363567.0
8,IL,6955.0
8,IL,2513087.0
8,IL,8589382.0
8,IL,-731.0
8,IL,2257.0
8,IL,60411.0
8,IL,21186.0
8,IL,894219.0
8,IL,634250.0
8,IL,206685.0
8,IL,4756.0
8,IL,409866.0
8,IL,0.0
8,IL,734.0
8,IL,231.0
8,IL,11466.0
8,IL,511.0
8,IN,10146851.0
8,IN,6627493.0
8,IN,20118.0
8,IN,2803734.0
8,IN,172760.0
8,IN,42777.0
8,IN,13362.0
8,IN,68934.0
8,IN,37904.0
8,IN,359769.0
8,IN,0.0
8,IN,402939.0
8,IN,0.0
8,IN,184354.0
8,IN,172760.0
8,IN,40630.0
8,IN,35.0
8,IN,5160.0
8,IN,24389.0
8,IN,137.0
8,IN,20127.0
8,IN,2147.0
8,IN,23.0
8,IN,200.0
8,IN,1756.0
8,IN,0.0
8,IN,720591.0
8,IN,428686.0
8,IN,291906.0
8,IN,0.0
8,IN,1624359.0
8,IN,0.0
8,IN,1239523.0
8,IN,0.0
8,IN,19775.0
8,IN,5292.0
8,IN,359769.0
8,IN,0.0
8,IN,7374573.0
8,IN,6198670.0
8,IN,20118.0
8,IN,1067825.0
8,IN,0.0
8,IN,13304.0
8,IN,48959.0
8,IN,25696.0
8,MI,10995383.0
8,MI,3779119.0
8,MI,-125484.0
8,MI,120745.0
8,MI,3372580.0
8,MI,2979727.0
8,MI,124555.0
8,MI,12366.0
8,MI,95275.0
8,MI,48309.0
8,MI,78515.0
8,MI,382439.0
8,MI,127238.0
8,MI,104027.0
8,MI,0.0
8,MI,866.0
8,MI,43546.0
8,MI,950.0
8,MI,12030.0
8,MI,134.0
8,MI,46501.0
8,MI,57508.0
8,MI,0.0
8,MI,48991.0
8,MI,4641.0
8,MI,6.0
8,MI,73.0
8,MI,3797.0
8,MI,0.0
8,MI,1077730.0
8,MI,28051.0
8,MI,919277.0
8,MI,124830.0
8,MI,808.0
8,MI,0.0
8,MI,754.0
8,MI,4009.0
8,MI,1639407.0
8,MI,5267.0
8,MI,674452.0
8,MI,577453.0
8,MI,5968.0
8,MI,0.0
8,MI,38638.0
8,MI,73829.0
8,MI,187073.0
8,MI,76728.0
8,MI,8116710.0
8,MI,3751068.0
8,MI,-125484.0
8,MI,114611.0
8,MI,1686314.0
8,MI,2402274.0
8,MI,-275.0
8,MI,0.0
8,MI,83239.0
8,MI,9598.0
8,MI,195366.0
8,OH,12035353.0
8,OH,5077011.0
8,OH,28504.0
8,OH,4992057.0
8,OH,1542268.0
8,OH,59484.0
8,OH,453.0
8,OH,80898.0
8,OH,96390.0
8,OH,32851.0
8,OH,105029.0
8,OH,20409.0
8,OH,66249.0
8,OH,0.0
8,OH,25078.0
8,OH,15770.0
8,OH,502.0
8,OH,79.0
8,OH,158.0
8,OH,280.0
8,OH,5628.0
8,OH,18753.0
8,OH,27089.0
8,OH,0.0
8,OH,25647.0
8,OH,75.0
8,OH,599.0
8,OH,651.0
8,OH,116.0
8,OH,132453.0
8,OH,0.0
8,OH,17009.0
8,OH,43714.0
8,OH,70074.0
8,OH,1657.0
8,OH,10447044.0
8,OH,4494597.0
8,OH,9243.0
8,OH,4167158.0
8,OH,1542268.0
8,OH,0.0
8,OH,8122.0
8,OH,94931.0
8,OH,31920.0
8,OH,98806.0
8,OH,1362519.0
8,OH,582413.0
8,OH,19262.0
8,OH,757165.0
8,OH,-49.0
8,OH,2548.0
8,OH,701.0
8,OH,0.0
8,OH,479.0
8,WI,6853120.0
8,WI,3142710.0
8,WI,195920.0
8,WI,2450578.0
8,WI,822904.0
8,WI,2074.0
8,WI,19583.0
8,WI,40887.0
8,WI,34571.0
8,WI,73631.0
8,WI,70262.0
8,WI,119944.0
8,WI,15196.0
8,WI,9790.0
8,WI,70420.0
8,WI,212.0
8,WI,119.0
8,WI,300.0
8,WI,273.0
8,WI,23633.0
8,WI,10183.0
8,WI,0.0
8,WI,6322.0
8,WI,32.0
8,WI,277.0
8,WI,2375.0
8,WI,1177.0
8,WI,0.0
8,WI,94244.0
8,WI,88286.0
8,WI,0.0
8,WI,5958.0
8,WI,1009108.0
8,WI,11593.0
8,WI,114256.0
8,WI,822904.0
8,WI,-13.0
8,WI,9165.0
8,WI,25017.0
8,WI,26186.0
8,WI,5619641.0
8,WI,3127514.0
8,WI,174538.0
8,WI,2171295.0
8,WI,1862.0
8,WI,19445.0
8,WI,31445.0
8,WI,920.0
8,WI,45994.0
8,WI,46629.0
9,IL,14611662.0
9,IL,3782411.0
9,IL,9502.0
9,IL,1592353.0
9,IL,7682962.0
9,IL,19398.0
9,IL,20784.0
9,IL,4090.0
9,IL,79297.0
9,IL,32606.0
9,IL,1388261.0
9,IL,0.0
9,IL,227670.0
9,IL,139200.0
9,IL,46669.0
9,IL,19398.0
9,IL,22404.0
9,IL,0.0
9,IL,0.0
9,IL,51693.0
9,IL,1905.0
9,IL,8.0
9,IL,49215.0
9,IL,49.0
9,IL,222.0
9,IL,0.0
9,IL,295.0
9,IL,54745.0
9,IL,54745.0
9,IL,0.0
9,IL,0.0
9,IL,13924652.0
9,IL,3472077.0
9,IL,5841.0
9,IL,1275201.0
9,IL,7682962.0
9,IL,-1620.0
9,IL,3317.0
9,IL,78850.0
9,IL,20856.0
9,IL,1387166.0
9,IL,352903.0
9,IL,169229.0
9,IL,3653.0
9,IL,166523.0
9,IL,0.0
9,IL,723.0
9,IL,225.0
9,IL,11750.0
9,IL,800.0
9,IN,7625956.0
9,IN,4605306.0
9,IN,20561.0
9,IN,2031340.0
9,IN,159208.0
9,IN,38635.0
9,IN,5920.0
9,IN,67592.0
9,IN,37107.0
9,IN,660285.0
9,IN,0.0
9,IN,385618.0
9,IN,0.0
9,IN,184816.0
9,IN,159208.0
9,IN,36595.0
9,IN,59.0
9,IN,4940.0
9,IN,21804.0
9,IN,3346.0
9,IN,14539.0
9,IN,2040.0
9,IN,19.0
9,IN,190.0
9,IN,1669.0
9,IN,0.0
9,IN,606157.0
9,IN,354861.0
9,IN,251296.0
9,IN,0.0
9,IN,1631013.0
9,IN,0.0
9,IN,943177.0
9,IN,0.0
9,IN,22356.0
9,IN,5195.0
9,IN,660285.0
9,IN,0.0
9,IN,4981363.0
9,IN,4247099.0
9,IN,20561.0
9,IN,637511.0
9,IN,0.0
9,IN,5843.0
9,IN,45047.0
9,IN,25302.0
9,MI,9307213.0
9,MI,2788095.0
9,MI,-96763.0
9,MI,85252.0
9,MI,2511321.0
9,MI,2958522.0
9,MI,103907.0
9,MI,11116.0
9,MI,90453.0
9,MI,42428.0
9,MI,78306.0
9,MI,631231.0
9,MI,103345.0
9,MI,92653.0
9,MI,94.0
9,MI,689.0
9,MI,38474.0
9,MI,1362.0
9,MI,14659.0
9,MI,176.0
9,MI,37200.0
9,MI,51379.0
9,MI,45185.0
9,MI,3361.0
9,MI,7.0
9,MI,75.0
9,MI,2751.0
9,MI,0.0
9,MI,882895.0
9,MI,30435.0
9,MI,743113.0
9,MI,103907.0
9,MI,782.0
9,MI,0.0
9,MI,788.0
9,MI,3869.0
9,MI,1671342.0
9,MI,4092.0
9,MI,637228.0
9,MI,571543.0
9,MI,5611.0
9,MI,0.0
9,MI,33882.0
9,MI,74591.0
9,MI,282119.0
9,MI,62276.0
9,MI,6608945.0
9,MI,2757566.0
9,MI,-96763.0
9,MI,80471.0
9,MI,1047322.0
9,MI,2386979.0
9,MI,0.0
9,MI,75787.0
9,MI,8471.0
9,MI,349113.0
9,OH,10372760.0
9,OH,4379214.0
9,OH,28846.0
9,OH,3892476.0
9,OH,1549027.0
9,OH,54200.0
9,OH,273.0
9,OH,95813.0
9,OH,86313.0
9,OH,31043.0
9,OH,239880.0
9,OH,15676.0
9,OH,63157.0
9,OH,0.0
9,OH,25844.0
9,OH,14912.0
9,OH,308.0
9,OH,182.0
9,OH,150.0
9,OH,290.0
9,OH,7053.0
9,OH,14418.0
9,OH,26760.0
9,OH,0.0
9,OH,25317.0
9,OH,12.0
9,OH,559.0
9,OH,615.0
9,OH,257.0
9,OH,142061.0
9,OH,0.0
9,OH,14199.0
9,OH,39288.0
9,OH,87315.0
9,OH,1258.0
9,OH,9210916.0
9,OH,3793241.0
9,OH,9437.0
9,OH,3505169.0
9,OH,1549027.0
9,OH,0.0
9,OH,7105.0
9,OH,84935.0
9,OH,30137.0
9,OH,231865.0
9,OH,929866.0
9,OH,585973.0
9,OH,19409.0
9,OH,321947.0
9,OH,-35.0
9,OH,1198.0
9,OH,668.0
9,OH,0.0
9,OH,705.0
9,WI,5195282.0
9,WI,2326018.0
9,WI,138325.0
9,WI,1613099.0
9,WI,828038.0
9,WI,2266.0
9,WI,20830.0
9,WI,49424.0
9,WI,36573.0
9,WI,125335.0
9,WI,55375.0
9,WI,104399.0
9,WI,14793.0
9,WI,8989.0
9,WI,58573.0
9,WI,132.0
9,WI,46.0
9,WI,306.0
9,WI,469.0
9,WI,21091.0
9,WI,11203.0
9,WI,0.0
9,WI,4831.0
9,WI,36.0
9,WI,273.0
9,WI,4533.0
9,WI,1530.0
9,WI,0.0
9,WI,27806.0
9,WI,21975.0
9,WI,0.0
9,WI,5831.0
9,WI,979056.0
9,WI,7780.0
9,WI,49077.0
9,WI,828038.0
9,WI,-8.0
9,WI,22927.0
9,WI,24697.0
9,WI,46545.0
9,WI,4072818.0
9,WI,2311225.0
9,WI,121555.0
9,WI,1478642.0
9,WI,2134.0
9,WI,20756.0
9,WI,26224.0
9,WI,1206.0
9,WI,76791.0
9,WI,34284.0
10,IL,13568903.0
10,IL,2970238.0
10,IL,10014.0
10,IL,1958301.0
10,IL,6990368.0
10,IL,24780.0
10,IL,11178.0
10,IL,1908.0
10,IL,55056.0
10,IL,32843.0
10,IL,1514216.0
10,IL,0.0
10,IL,166664.0
10,IL,106068.0
10,IL,23658.0
10,IL,24780.0
10,IL,12157.0
10,IL,0.0
10,IL,0.0
10,IL,35722.0
10,IL,872.0
10,IL,115.0
10,IL,34216.0
10,IL,4.0
10,IL,194.0
10,IL,0.0
10,IL,321.0
10,IL,58438.0
10,IL,57910.0
10,IL,0.0
10,IL,528.0
10,IL,12920991.0
10,IL,2848042.0
10,IL,5898.0
10,IL,1487846.0
10,IL,6990368.0
10,IL,-979.0
10,IL,1329.0
10,IL,54713.0
10,IL,20767.0
10,IL,1513008.0
10,IL,387089.0
10,IL,15256.0
10,IL,4002.0
10,IL,354672.0
10,IL,0.0
10,IL,575.0
10,IL,149.0
10,IL,11548.0
10,IL,887.0
10,IN,6589878.0
10,IN,3359601.0
10,IN,20720.0
10,IN,2309510.0
10,IN,146187.0
10,IN,37863.0
10,IN,4753.0
10,IN,52462.0
10,IN,37190.0
10,IN,621591.0
10,IN,0.0
10,IN,304789.0
10,IN,0.0
10,IN,117346.0
10,IN,146187.0
10,IN,35988.0
10,IN,13.0
10,IN,5254.0
10,IN,24478.0
10,IN,4519.0
10,IN,16382.0
10,IN,1875.0
10,IN,5.0
10,IN,163.0
10,IN,1534.0
10,IN,0.0
10,IN,585296.0
10,IN,422796.0
10,IN,162500.0
10,IN,0.0
10,IN,1781559.0
10,IN,0.0
10,IN,1137399.0
10,IN,0.0
10,IN,17353.0
10,IN,5216.0
10,IN,621591.0
10,IN,0.0
10,IN,3893756.0
10,IN,2932286.0
10,IN,20720.0
10,IN,875884.0
10,IN,0.0
10,IN,4735.0
10,IN,34946.0
10,IN,25186.0
10,MI,9744104.0
10,MI,3001615.0
10,MI,-78615.0
10,MI,80591.0
10,MI,2577306.0
10,MI,3083487.0
10,MI,122622.0
10,MI,11152.0
10,MI,112567.0
10,MI,31768.0
10,MI,72655.0
10,MI,621937.0
10,MI,107018.0
10,MI,101012.0
10,MI,85.0
10,MI,803.0
10,MI,41458.0
10,MI,1405.0
10,MI,14274.0
10,MI,202.0
10,MI,42784.0
10,MI,50384.0
10,MI,44751.0
10,MI,3058.0
10,MI,5.0
10,MI,69.0
10,MI,2502.0
10,MI,0.0
10,MI,1136132.0
10,MI,31982.0
10,MI,974691.0
10,MI,122622.0
10,MI,1157.0
10,MI,0.0
10,MI,842.0
10,MI,4837.0
10,MI,1600525.0
10,MI,4090.0
10,MI,554162.0
10,MI,596151.0
10,MI,5532.0
10,MI,0.0
10,MI,25724.0
10,MI,69109.0
10,MI,286360.0
10,MI,59397.0
10,MI,6856051.0
10,MI,2969549.0
10,MI,-78615.0
10,MI,75697.0
10,MI,962244.0
10,MI,2487336.0
10,MI,0.0
10,MI,98288.0
10,MI,5975.0
10,MI,335577.0
10,OH,10527013.0
10,OH,3511767.0
10,OH,29165.0
10,OH,4938775.0
10,OH,1600196.0
10,OH,51607.0
10,OH,627.0
10,OH,78603.0
10,OH,56911.0
10,OH,32326.0
10,OH,204900.0
10,OH,22135.0
10,OH,67307.0
10,OH,0.0
10,OH,20773.0
10,OH,17160.0
10,OH,627.0
10,OH,48.0
10,OH,96.0
10,OH,310.0
10,OH,7670.0
10,OH,20623.0
10,OH,21886.0
10,OH,0.0
10,OH,20622.0
10,OH,3.0
10,OH,465.0
10,OH,572.0
10,OH,223.0
10,OH,118660.0
10,OH,0.0
10,OH,15151.0
10,OH,34447.0
10,OH,67549.0
10,OH,1512.0
10,OH,9725427.0
10,OH,3255699.0
10,OH,9513.0
10,OH,4567029.0
10,OH,1600196.0
10,OH,0.0
10,OH,9528.0
10,OH,55771.0
10,OH,31444.0
10,OH,196247.0
10,OH,593733.0
10,OH,256068.0
10,OH,19652.0
10,OH,315199.0
10,OH,0.0
10,OH,1475.0
10,OH,579.0
10,OH,0.0
10,OH,760.0
10,WI,4561753.0
10,WI,1689022.0
10,WI,128963.0
10,WI,1939755.0
10,WI,532678.0
10,WI,2357.0
10,WI,29393.0
10,WI,33017.0
10,WI,34397.0
10,WI,119368.0
10,WI,52803.0
10,WI,115934.0
10,WI,14855.0
10,WI,9489.0
10,WI,69988.0
10,WI,217.0
10,WI,44.0
10,WI,272.0
10,WI,591.0
10,WI,20480.0
10,WI,9495.0
10,WI,0.0
10,WI,5162.0
10,WI,40.0
10,WI,245.0
10,WI,2384.0
10,WI,1663.0
10,WI,0.0
10,WI,17358.0
10,WI,11081.0
10,WI,69.0
10,WI,6208.0
10,WI,717626.0
10,WI,6736.0
10,WI,91378.0
10,WI,532678.0
10,WI,9.0
10,WI,17225.0
10,WI,24283.0
10,WI,45317.0
10,WI,3701341.0
10,WI,1674167.0
10,WI,112738.0
10,WI,1762147.0
10,WI,2141.0
10,WI,29231.0
10,WI,15547.0
10,WI,1252.0
10,WI,71797.0
10,WI,32323.0
11,IL,14946236.0
11,IL,2933484.0
11,IL,9876.0
11,IL,1893802.0
11,IL,7894752.0
11,IL,20415.0
11,IL,23449.0
11,IL,3603.0
11,IL,68523.0
11,IL,31916.0
11,IL,2066419.0
11,IL,0.0
11,IL,226425.0
11,IL,140591.0
11,IL,41742.0
11,IL,20415.0
11,IL,23678.0
11,IL,0.0
11,IL,0.0
11,IL,36025.0
11,IL,769.0
11,IL,0.0
11,IL,34682.0
11,IL,3.0
11,IL,206.0
11,IL,0.0
11,IL,365.0
11,IL,57131.0
11,IL,56409.0
11,IL,0.0
11,IL,723.0
11,IL,14078318.0
11,IL,2641505.0
11,IL,5841.0
11,IL,1381145.0
11,IL,7894752.0
11,IL,-229.0
11,IL,2328.0
11,IL,68168.0
11,IL,19945.0
11,IL,2064863.0
11,IL,548337.0
11,IL,150619.0
11,IL,4035.0
11,IL,379824.0
11,IL,0.0
11,IL,1272.0
11,IL,149.0
11,IL,11248.0
11,IL,1191.0
11,IN,5871719.0
11,IN,2346651.0
11,IN,19344.0
11,IN,2386574.0
11,IN,184346.0
11,IN,40871.0
11,IN,3972.0
11,IN,46762.0
11,IN,35800.0
11,IN,807398.0
11,IN,0.0
11,IN,415806.0
11,IN,0.0
11,IN,187045.0
11,IN,184346.0
11,IN,39190.0
11,IN,70.0
11,IN,5155.0
11,IN,19342.0
11,IN,3469.0
11,IN,12614.0
11,IN,1681.0
11,IN,39.0
11,IN,164.0
11,IN,1375.0
11,IN,611798.0
11,IN,393546.0
11,IN,218252.0
11,IN,0.0
11,IN,1864367.0
11,IN,0.0
11,IN,1035953.0
11,IN,0.0
11,IN,15938.0
11,IN,5077.0
11,IN,807398.0
11,IN,0.0
11,IN,2960406.0
11,IN,1949635.0
11,IN,19344.0
11,IN,932710.0
11,IN,0.0
11,IN,3863.0
11,IN,30660.0
11,IN,24193.0
11,MI,9964655.0
11,MI,2973850.0
11,MI,-36785.0
11,MI,118759.0
11,MI,2603541.0
11,MI,3037210.0
11,MI,8739.0
11,MI,13742.0
11,MI,193183.0
11,MI,26730.0
11,MI,77769.0
11,MI,851401.0
11,MI,96516.0
11,MI,113302.0
11,MI,205.0
11,MI,739.0
11,MI,47497.0
11,MI,2041.0
11,MI,12136.0
11,MI,194.0
11,MI,50491.0
11,MI,58502.0
11,MI,49098.0
11,MI,5120.0
11,MI,8.0
11,MI,88.0
11,MI,4189.0
11,MI,0.0
11,MI,935556.0
11,MI,31595.0
11,MI,888906.0
11,MI,8739.0
11,MI,1356.0
11,MI,0.0
11,MI,919.0
11,MI,4041.0
11,MI,1639599.0
11,MI,5398.0
11,MI,513881.0
11,MI,586434.0
11,MI,5226.0
11,MI,0.0
11,MI,21318.0
11,MI,72468.0
11,MI,392889.0
11,MI,41985.0
11,MI,7217697.0
11,MI,2942050.0
11,MI,-36785.0
11,MI,112622.0
11,MI,1104159.0
11,MI,2450776.0
11,MI,0.0
11,MI,181039.0
11,MI,5324.0
11,MI,458512.0
11,OH,10180765.0
11,OH,3202299.0
11,OH,27872.0
11,OH,4822698.0
11,OH,1577261.0
11,OH,59886.0
11,OH,423.0
11,OH,95721.0
11,OH,51092.0
11,OH,31700.0
11,OH,293297.0
11,OH,18517.0
11,OH,62055.0
11,OH,0.0
11,OH,22052.0
11,OH,12454.0
11,OH,453.0
11,OH,190.0
11,OH,68.0
11,OH,349.0
11,OH,9018.0
11,OH,17473.0
11,OH,18589.0
11,OH,0.0
11,OH,17146.0
11,OH,17.0
11,OH,416.0
11,OH,656.0
11,OH,354.0
11,OH,141202.0
11,OH,0.0
11,OH,16494.0
11,OH,47433.0
11,OH,76231.0
11,OH,1044.0
11,OH,8955273.0
11,OH,2982781.0
11,OH,8903.0
11,OH,4004961.0
11,OH,1577261.0
11,OH,0.0
11,OH,0.0
11,OH,17350.0
11,OH,50012.0
11,OH,30695.0
11,OH,283309.0
11,OH,1003648.0
11,OH,219518.0
11,OH,18970.0
11,OH,762045.0
11,OH,-30.0
11,OH,1934.0
11,OH,596.0
11,OH,0.0
11,OH,616.0
11,WI,4314389.0
11,WI,1340419.0
11,WI,193161.0
11,WI,1646547.0
11,WI,805580.0
11,WI,2214.0
11,WI,24124.0
11,WI,32448.0
11,WI,35281.0
11,WI,186287.0
11,WI,48328.0
11,WI,128987.0
11,WI,15802.0
11,WI,9691.0
11,WI,76204.0
11,WI,214.0
11,WI,55.0
11,WI,1017.0
11,WI,788.0
11,WI,25215.0
11,WI,14974.0
11,WI,0.0
11,WI,9431.0
11,WI,38.0
11,WI,285.0
11,WI,3413.0
11,WI,1807.0
11,WI,0.0
11,WI,132998.0
11,WI,126326.0
11,WI,401.0
11,WI,6270.0
11,WI,1016736.0
11,WI,10999.0
11,WI,97018.0
11,WI,805580.0
11,WI,-27.0
11,WI,14274.0
11,WI,23412.0
11,WI,65480.0
11,WI,3020694.0
11,WI,1324617.0
11,WI,172471.0
11,WI,1337567.0
11,WI,2001.0
11,WI,23656.0
11,WI,17890.0
11,WI,1169.0
11,WI,118211.0
11,WI,23113.0
12,IL,16120385.0
12,IL,3185400.0
12,IL,11209.0
12,IL,1648922.0
12,IL,8883354.0
12,IL,22343.0
12,IL,22024.0
12,IL,2664.0
12,IL,52771.0
12,IL,34390.0
12,IL,2257307.0
12,IL,0.0
12,IL,234380.0
12,IL,146129.0
12,IL,42962.0
12,IL,22343.0
12,IL,22946.0
12,IL,0.0
12,IL,0.0
12,IL,36403.0
12,IL,1167.0
12,IL,0.0
12,IL,34645.0
12,IL,0.0
12,IL,165.0
12,IL,0.0
12,IL,426.0
12,IL,57695.0
12,IL,57695.0
12,IL,0.0
12,IL,0.0
12,IL,15357416.0
12,IL,2863060.0
12,IL,5995.0
12,IL,1273582.0
12,IL,8883354.0
12,IL,-922.0
12,IL,2238.0
12,IL,52467.0
12,IL,22086.0
12,IL,2255557.0
12,IL,434491.0
12,IL,175044.0
12,IL,5215.0
12,IL,240039.0
12,IL,0.0
12,IL,426.0
12,IL,138.0
12,IL,12304.0
12,IL,1324.0
12,IN,7271621.0
12,IN,3529610.0
12,IN,20396.0
12,IN,2463944.0
12,IN,156445.0
12,IN,41058.0
12,IN,15114.0
12,IN,68357.0
12,IN,39430.0
12,IN,937268.0
12,IN,0.0
12,IN,372150.0
12,IN,0.0
12,IN,171037.0
12,IN,156445.0
12,IN,38961.0
12,IN,59.0
12,IN,5649.0
12,IN,20707.0
12,IN,667.0
12,IN,16068.0
12,IN,2097.0
12,IN,29.0
12,IN,129.0
12,IN,1716.0
12,IN,651611.0
12,IN,364239.0
12,IN,287372.0
12,IN,0.0
12,IN,2074269.0
12,IN,0.0
12,IN,1087284.0
12,IN,0.0
12,IN,44441.0
12,IN,5275.0
12,IN,937268.0
12,IN,0.0
12,IN,4152885.0
12,IN,3164704.0
12,IN,20396.0
12,IN,902184.0
12,IN,0.0
12,IN,15026.0
12,IN,23786.0
12,IN,26789.0
12,MI,9767606.0
12,MI,3106936.0
12,MI,-55570.0
12,MI,184077.0
12,MI,2338983.0
12,MI,2922863.0
12,MI,52622.0
12,MI,14635.0
12,MI,93891.0
12,MI,26076.0
12,MI,78778.0
12,MI,889542.0
12,MI,114772.0
12,MI,123661.0
12,MI,679.0
12,MI,900.0
12,MI,56425.0
12,MI,2197.0
12,MI,13071.0
12,MI,98.0
12,MI,50291.0
12,MI,61323.0
12,MI,51529.0
12,MI,5344.0
12,MI,4.0
12,MI,74.0
12,MI,4372.0
12,MI,0.0
12,MI,1107584.0
12,MI,33440.0
12,MI,1015730.0
12,MI,52622.0
12,MI,1331.0
12,MI,0.0
12,MI,1078.0
12,MI,3382.0
12,MI,1598949.0
12,MI,7650.0
12,MI,406371.0
12,MI,607718.0
12,MI,5762.0
12,MI,0.0
12,MI,22213.0
12,MI,73230.0
12,MI,414906.0
12,MI,61098.0
12,MI,6876088.0
12,MI,3072816.0
12,MI,-55570.0
12,MI,175527.0
12,MI,808928.0
12,MI,2315145.0
12,MI,0.0
12,MI,80817.0
12,MI,3789.0
12,MI,474636.0
12,OH,10307597.0
12,OH,2776612.0
12,OH,29069.0
12,OH,5449061.0
12,OH,1523548.0
12,OH,47968.0
12,OH,519.0
12,OH,68488.0
12,OH,32979.0
12,OH,34564.0
12,OH,326699.0
12,OH,18090.0
12,OH,67248.0
12,OH,0.0
12,OH,34452.0
12,OH,4587.0
12,OH,569.0
12,OH,79.0
12,OH,2.0
12,OH,427.0
12,OH,10074.0
12,OH,17059.0
12,OH,13509.0
12,OH,0.0
12,OH,12175.0
12,OH,12.0
12,OH,323.0
12,OH,651.0
12,OH,348.0
12,OH,118112.0
12,OH,0.0
12,OH,16463.0
12,OH,43381.0
12,OH,57238.0
12,OH,1031.0
12,OH,9194545.0
12,OH,2532146.0
12,OH,9376.0
12,OH,4738429.0
12,OH,1523548.0
12,OH,0.0
12,OH,0.0
12,OH,10221.0
12,OH,32180.0
12,OH,33486.0
12,OH,315159.0
12,OH,914182.0
12,OH,244465.0
12,OH,19693.0
12,OH,647543.0
12,OH,-50.0
12,OH,939.0
12,OH,474.0
12,OH,0.0
12,OH,1118.0
12,WI,4739287.0
12,WI,1539281.0
12,WI,302361.0
12,WI,1667917.0
12,WI,897977.0
12,WI,2088.0
12,WI,20817.0
12,WI,20245.0
12,WI,39463.0
12,WI,183091.0
12,WI,66047.0
12,WI,138450.0
12,WI,16662.0
12,WI,11156.0
12,WI,80471.0
12,WI,103.0
12,WI,113.0
12,WI,1509.0
12,WI,768.0
12,WI,27667.0
12,WI,16854.0
12,WI,0.0
12,WI,9771.0
12,WI,34.0
12,WI,234.0
12,WI,4569.0
12,WI,2246.0
12,WI,0.0
12,WI,109129.0
12,WI,102122.0
12,WI,0.0
12,WI,7008.0
12,WI,1058671.0
12,WI,18279.0
12,WI,47450.0
12,WI,897977.0
12,WI,-44.0
12,WI,10067.0
12,WI,25355.0
12,WI,59588.0
12,WI,3416183.0
12,WI,1522619.0
12,WI,272926.0
12,WI,1428103.0
12,WI,1985.0
12,WI,20713.0
12,WI,9945.0
12,WI,1021.0
12,WI,120490.0
12,WI,38380.0
